graph_type,total_budget_B,n_seeds,mean_diff_pp,sd_diff_pp,se_diff_pp,delta_pp,alpha,t_lower,p_lower,t_upper,p_upper,p_tost,tost_accepts
community_sbm,32,5,-1.2600,0.5999,0.2683,1.00,0.05,-0.9692,0.806328,-8.4243,0.000544,0.806328,False
community_sbm,64,5,-0.5000,0.5338,0.2387,1.00,0.05,2.0946,0.052141,-6.2839,0.001638,0.052141,False
community_sbm,128,5,-0.1240,0.1356,0.0606,1.00,0.05,14.4483,0.000067,-18.5387,0.000025,0.000067,True
ogbn_arxiv,32,5,-1.1340,1.5860,0.7093,1.00,0.05,-0.1889,0.570325,-3.0087,0.019800,0.570325,False
ogbn_arxiv,64,5,1.2140,0.6009,0.2687,1.00,0.05,8.2393,0.000592,0.7964,0.764802,0.764802,False
ogbn_arxiv,128,5,0.8740,0.2279,0.1019,1.00,0.05,18.3885,0.000026,-1.2364,0.141979,0.141979,False
powerlaw_ba,32,5,-1.3440,0.8669,0.3877,1.00,0.05,-0.8873,0.787483,-6.0462,0.001887,0.787483,False
powerlaw_ba,64,5,-0.7120,0.2089,0.0934,1.00,0.05,3.0834,0.018404,-18.3293,0.000026,0.018404,True
powerlaw_ba,128,5,-0.3720,0.1381,0.0618,1.00,0.05,10.1688,0.000263,-22.2159,0.000012,0.000263,True
